Nancy_Pelosi/Nancy_Pelosi_0006.png 0
Nancy_Pelosi/Nancy_Pelosi_0011.png 0
Joe_Lieberman/Joe_Lieberman_0007.png 1
Joe_Lieberman/Joe_Lieberman_0008.png 1
Tom_Daschle/Tom_Daschle_0014.png 2
Tom_Daschle/Tom_Daschle_0008.png 2
Tom_Daschle/Tom_Daschle_0010.png 2
Jeremy_Greenstock/Jeremy_Greenstock_0016.png 3
Jeremy_Greenstock/Jeremy_Greenstock_0021.png 3
Jeremy_Greenstock/Jeremy_Greenstock_0012.png 3
Jeremy_Greenstock/Jeremy_Greenstock_0014.png 3
Jean_Chretien/Jean_Chretien_0039.png 4
Jean_Chretien/Jean_Chretien_0023.png 4
Jean_Chretien/Jean_Chretien_0001.png 4
Jean_Chretien/Jean_Chretien_0007.png 4
Jean_Chretien/Jean_Chretien_0017.png 4
Jean_Chretien/Jean_Chretien_0021.png 4
Jean_Chretien/Jean_Chretien_0033.png 4
Ari_Fleischer/Ari_Fleischer_0011.png 5
Ari_Fleischer/Ari_Fleischer_0006.png 5
Joschka_Fischer/Joschka_Fischer_0010.png 6
Joschka_Fischer/Joschka_Fischer_0014.png 6
Joschka_Fischer/Joschka_Fischer_0002.png 6
Carlos_Menem/Carlos_Menem_0019.png 7
Carlos_Menem/Carlos_Menem_0011.png 7
Carlos_Menem/Carlos_Menem_0006.png 7
Venus_Williams/Venus_Williams_0008.png 8
Venus_Williams/Venus_Williams_0002.png 8
Jennifer_Garner/Jennifer_Garner_0012.png 9
Jennifer_Garner/Jennifer_Garner_0005.png 9
Jiang_Zemin/Jiang_Zemin_0011.png 10
Jiang_Zemin/Jiang_Zemin_0019.png 10
Jiang_Zemin/Jiang_Zemin_0005.png 10
Saddam_Hussein/Saddam_Hussein_0023.png 11
Saddam_Hussein/Saddam_Hussein_0019.png 11
Lance_Armstrong/Lance_Armstrong_0016.png 12
Lance_Armstrong/Lance_Armstrong_0005.png 12
Winona_Ryder/Winona_Ryder_0001.png 13
Winona_Ryder/Winona_Ryder_0018.png 13
Winona_Ryder/Winona_Ryder_0015.png 13
Rudolph_Giuliani/Rudolph_Giuliani_0009.png 14
Rudolph_Giuliani/Rudolph_Giuliani_0023.png 14
Rudolph_Giuliani/Rudolph_Giuliani_0004.png 14
Luiz_Inacio_Lula_da_Silva/Luiz_Inacio_Lula_da_Silva_0010.png 15
Luiz_Inacio_Lula_da_Silva/Luiz_Inacio_Lula_da_Silva_0005.png 15
Luiz_Inacio_Lula_da_Silva/Luiz_Inacio_Lula_da_Silva_0038.png 15
Luiz_Inacio_Lula_da_Silva/Luiz_Inacio_Lula_da_Silva_0011.png 15
Luiz_Inacio_Lula_da_Silva/Luiz_Inacio_Lula_da_Silva_0013.png 15
Luiz_Inacio_Lula_da_Silva/Luiz_Inacio_Lula_da_Silva_0029.png 15
Luiz_Inacio_Lula_da_Silva/Luiz_Inacio_Lula_da_Silva_0007.png 15
Mahathir_Mohamad/Mahathir_Mohamad_0007.png 16
Mahathir_Mohamad/Mahathir_Mohamad_0012.png 16
Tim_Henman/Tim_Henman_0001.png 17
Tim_Henman/Tim_Henman_0008.png 17
Tim_Henman/Tim_Henman_0011.png 17
Alejandro_Toledo/Alejandro_Toledo_0013.png 18
Alejandro_Toledo/Alejandro_Toledo_0002.png 18
Alejandro_Toledo/Alejandro_Toledo_0023.png 18
Alejandro_Toledo/Alejandro_Toledo_0024.png 18
Alejandro_Toledo/Alejandro_Toledo_0030.png 18
Alejandro_Toledo/Alejandro_Toledo_0020.png 18
Silvio_Berlusconi/Silvio_Berlusconi_0020.png 19
Silvio_Berlusconi/Silvio_Berlusconi_0018.png 19
Silvio_Berlusconi/Silvio_Berlusconi_0026.png 19
Silvio_Berlusconi/Silvio_Berlusconi_0032.png 19
Serena_Williams/Serena_Williams_0050.png 20
Serena_Williams/Serena_Williams_0004.png 20
Serena_Williams/Serena_Williams_0043.png 20
Serena_Williams/Serena_Williams_0013.png 20
Serena_Williams/Serena_Williams_0006.png 20
Serena_Williams/Serena_Williams_0018.png 20
Serena_Williams/Serena_Williams_0030.png 20
Serena_Williams/Serena_Williams_0015.png 20
Jacques_Chirac/Jacques_Chirac_0050.png 21
Jacques_Chirac/Jacques_Chirac_0029.png 21
Jacques_Chirac/Jacques_Chirac_0004.png 21
Jacques_Chirac/Jacques_Chirac_0036.png 21
Jacques_Chirac/Jacques_Chirac_0032.png 21
Jacques_Chirac/Jacques_Chirac_0045.png 21
Jacques_Chirac/Jacques_Chirac_0015.png 21
Lindsay_Davenport/Lindsay_Davenport_0006.png 22
Lindsay_Davenport/Lindsay_Davenport_0008.png 22
Lindsay_Davenport/Lindsay_Davenport_0012.png 22
Donald_Rumsfeld/Donald_Rumsfeld_0111.png 23
Donald_Rumsfeld/Donald_Rumsfeld_0016.png 23
Donald_Rumsfeld/Donald_Rumsfeld_0100.png 23
Donald_Rumsfeld/Donald_Rumsfeld_0074.png 23
Donald_Rumsfeld/Donald_Rumsfeld_0077.png 23
Donald_Rumsfeld/Donald_Rumsfeld_0082.png 23
Donald_Rumsfeld/Donald_Rumsfeld_0094.png 23
Donald_Rumsfeld/Donald_Rumsfeld_0084.png 23
Donald_Rumsfeld/Donald_Rumsfeld_0072.png 23
Donald_Rumsfeld/Donald_Rumsfeld_0004.png 23
Donald_Rumsfeld/Donald_Rumsfeld_0032.png 23
Donald_Rumsfeld/Donald_Rumsfeld_0101.png 23
Donald_Rumsfeld/Donald_Rumsfeld_0031.png 23
Donald_Rumsfeld/Donald_Rumsfeld_0059.png 23
Donald_Rumsfeld/Donald_Rumsfeld_0036.png 23
Donald_Rumsfeld/Donald_Rumsfeld_0065.png 23
Donald_Rumsfeld/Donald_Rumsfeld_0106.png 23
Donald_Rumsfeld/Donald_Rumsfeld_0017.png 23
Recep_Tayyip_Erdogan/Recep_Tayyip_Erdogan_0003.png 24
Recep_Tayyip_Erdogan/Recep_Tayyip_Erdogan_0022.png 24
Recep_Tayyip_Erdogan/Recep_Tayyip_Erdogan_0018.png 24
Recep_Tayyip_Erdogan/Recep_Tayyip_Erdogan_0012.png 24
Recep_Tayyip_Erdogan/Recep_Tayyip_Erdogan_0002.png 24
Hugo_Chavez/Hugo_Chavez_0062.png 25
Hugo_Chavez/Hugo_Chavez_0056.png 25
Hugo_Chavez/Hugo_Chavez_0030.png 25
Hugo_Chavez/Hugo_Chavez_0014.png 25
Hugo_Chavez/Hugo_Chavez_0001.png 25
Hugo_Chavez/Hugo_Chavez_0023.png 25
Hugo_Chavez/Hugo_Chavez_0071.png 25
Hugo_Chavez/Hugo_Chavez_0039.png 25
Hugo_Chavez/Hugo_Chavez_0018.png 25
Hugo_Chavez/Hugo_Chavez_0022.png 25
Laura_Bush/Laura_Bush_0024.png 26
Laura_Bush/Laura_Bush_0013.png 26
Laura_Bush/Laura_Bush_0029.png 26
Laura_Bush/Laura_Bush_0031.png 26
Laura_Bush/Laura_Bush_0041.png 26
Laura_Bush/Laura_Bush_0025.png 26
Michael_Jackson/Michael_Jackson_0003.png 27
Michael_Jackson/Michael_Jackson_0009.png 27
David_Nalbandian/David_Nalbandian_0014.png 28
David_Nalbandian/David_Nalbandian_0012.png 28
Paul_Bremer/Paul_Bremer_0005.png 29
Paul_Bremer/Paul_Bremer_0002.png 29
Ricardo_Lagos/Ricardo_Lagos_0012.png 30
Ricardo_Lagos/Ricardo_Lagos_0026.png 30
Ricardo_Lagos/Ricardo_Lagos_0016.png 30
Gerhard_Schroeder/Gerhard_Schroeder_0095.png 31
Gerhard_Schroeder/Gerhard_Schroeder_0064.png 31
Gerhard_Schroeder/Gerhard_Schroeder_0101.png 31
Gerhard_Schroeder/Gerhard_Schroeder_0004.png 31
Gerhard_Schroeder/Gerhard_Schroeder_0063.png 31
Gerhard_Schroeder/Gerhard_Schroeder_0031.png 31
Gerhard_Schroeder/Gerhard_Schroeder_0084.png 31
Gerhard_Schroeder/Gerhard_Schroeder_0060.png 31
Gerhard_Schroeder/Gerhard_Schroeder_0014.png 31
Gerhard_Schroeder/Gerhard_Schroeder_0069.png 31
Gerhard_Schroeder/Gerhard_Schroeder_0005.png 31
Gerhard_Schroeder/Gerhard_Schroeder_0029.png 31
Gerhard_Schroeder/Gerhard_Schroeder_0075.png 31
Gerhard_Schroeder/Gerhard_Schroeder_0046.png 31
Gerhard_Schroeder/Gerhard_Schroeder_0074.png 31
Gerhard_Schroeder/Gerhard_Schroeder_0024.png 31
Gerhard_Schroeder/Gerhard_Schroeder_0066.png 31
Kofi_Annan/Kofi_Annan_0011.png 32
Kofi_Annan/Kofi_Annan_0027.png 32
Kofi_Annan/Kofi_Annan_0025.png 32
Kofi_Annan/Kofi_Annan_0016.png 32
Jennifer_Capriati/Jennifer_Capriati_0015.png 33
Jennifer_Capriati/Jennifer_Capriati_0006.png 33
Jennifer_Capriati/Jennifer_Capriati_0003.png 33
Jennifer_Capriati/Jennifer_Capriati_0017.png 33
Jennifer_Capriati/Jennifer_Capriati_0040.png 33
Jennifer_Capriati/Jennifer_Capriati_0016.png 33
Jennifer_Capriati/Jennifer_Capriati_0009.png 33
Megawati_Sukarnoputri/Megawati_Sukarnoputri_0015.png 34
Megawati_Sukarnoputri/Megawati_Sukarnoputri_0014.png 34
Megawati_Sukarnoputri/Megawati_Sukarnoputri_0031.png 34
Megawati_Sukarnoputri/Megawati_Sukarnoputri_0009.png 34
Halle_Berry/Halle_Berry_0002.png 35
Halle_Berry/Halle_Berry_0011.png 35
David_Beckham/David_Beckham_0027.png 36
David_Beckham/David_Beckham_0011.png 36
David_Beckham/David_Beckham_0018.png 36
David_Beckham/David_Beckham_0012.png 36
David_Beckham/David_Beckham_0016.png 36
George_W_Bush/George_W_Bush_0360.png 37
George_W_Bush/George_W_Bush_0463.png 37
George_W_Bush/George_W_Bush_0368.png 37
George_W_Bush/George_W_Bush_0450.png 37
George_W_Bush/George_W_Bush_0282.png 37
George_W_Bush/George_W_Bush_0416.png 37
George_W_Bush/George_W_Bush_0403.png 37
George_W_Bush/George_W_Bush_0410.png 37
George_W_Bush/George_W_Bush_0441.png 37
George_W_Bush/George_W_Bush_0068.png 37
George_W_Bush/George_W_Bush_0194.png 37
George_W_Bush/George_W_Bush_0235.png 37
George_W_Bush/George_W_Bush_0265.png 37
George_W_Bush/George_W_Bush_0173.png 37
George_W_Bush/George_W_Bush_0417.png 37
George_W_Bush/George_W_Bush_0349.png 37
George_W_Bush/George_W_Bush_0031.png 37
George_W_Bush/George_W_Bush_0278.png 37
George_W_Bush/George_W_Bush_0257.png 37
George_W_Bush/George_W_Bush_0323.png 37
George_W_Bush/George_W_Bush_0526.png 37
George_W_Bush/George_W_Bush_0208.png 37
George_W_Bush/George_W_Bush_0139.png 37
George_W_Bush/George_W_Bush_0041.png 37
George_W_Bush/George_W_Bush_0491.png 37
George_W_Bush/George_W_Bush_0361.png 37
George_W_Bush/George_W_Bush_0445.png 37
George_W_Bush/George_W_Bush_0146.png 37
George_W_Bush/George_W_Bush_0468.png 37
George_W_Bush/George_W_Bush_0134.png 37
George_W_Bush/George_W_Bush_0034.png 37
George_W_Bush/George_W_Bush_0337.png 37
George_W_Bush/George_W_Bush_0115.png 37
George_W_Bush/George_W_Bush_0063.png 37
George_W_Bush/George_W_Bush_0048.png 37
George_W_Bush/George_W_Bush_0467.png 37
George_W_Bush/George_W_Bush_0165.png 37
George_W_Bush/George_W_Bush_0317.png 37
George_W_Bush/George_W_Bush_0062.png 37
George_W_Bush/George_W_Bush_0111.png 37
George_W_Bush/George_W_Bush_0356.png 37
George_W_Bush/George_W_Bush_0242.png 37
George_W_Bush/George_W_Bush_0388.png 37
George_W_Bush/George_W_Bush_0474.png 37
George_W_Bush/George_W_Bush_0166.png 37
George_W_Bush/George_W_Bush_0029.png 37
George_W_Bush/George_W_Bush_0396.png 37
George_W_Bush/George_W_Bush_0320.png 37
George_W_Bush/George_W_Bush_0097.png 37
George_W_Bush/George_W_Bush_0128.png 37
George_W_Bush/George_W_Bush_0473.png 37
George_W_Bush/George_W_Bush_0056.png 37
George_W_Bush/George_W_Bush_0239.png 37
George_W_Bush/George_W_Bush_0211.png 37
George_W_Bush/George_W_Bush_0105.png 37
George_W_Bush/George_W_Bush_0515.png 37
George_W_Bush/George_W_Bush_0118.png 37
George_W_Bush/George_W_Bush_0254.png 37
George_W_Bush/George_W_Bush_0221.png 37
George_W_Bush/George_W_Bush_0078.png 37
George_W_Bush/George_W_Bush_0019.png 37
George_W_Bush/George_W_Bush_0527.png 37
George_W_Bush/George_W_Bush_0443.png 37
George_W_Bush/George_W_Bush_0510.png 37
George_W_Bush/George_W_Bush_0459.png 37
George_W_Bush/George_W_Bush_0132.png 37
George_W_Bush/George_W_Bush_0195.png 37
George_W_Bush/George_W_Bush_0296.png 37
George_W_Bush/George_W_Bush_0229.png 37
George_W_Bush/George_W_Bush_0084.png 37
George_W_Bush/George_W_Bush_0090.png 37
George_W_Bush/George_W_Bush_0164.png 37
George_W_Bush/George_W_Bush_0492.png 37
George_W_Bush/George_W_Bush_0330.png 37
George_W_Bush/George_W_Bush_0233.png 37
George_W_Bush/George_W_Bush_0327.png 37
George_W_Bush/George_W_Bush_0518.png 37
George_W_Bush/George_W_Bush_0049.png 37
George_W_Bush/George_W_Bush_0383.png 37
George_W_Bush/George_W_Bush_0354.png 37
George_W_Bush/George_W_Bush_0281.png 37
George_W_Bush/George_W_Bush_0483.png 37
Colin_Powell/Colin_Powell_0191.png 38
Colin_Powell/Colin_Powell_0180.png 38
Colin_Powell/Colin_Powell_0134.png 38
Colin_Powell/Colin_Powell_0159.png 38
Colin_Powell/Colin_Powell_0230.png 38
Colin_Powell/Colin_Powell_0150.png 38
Colin_Powell/Colin_Powell_0062.png 38
Colin_Powell/Colin_Powell_0057.png 38
Colin_Powell/Colin_Powell_0170.png 38
Colin_Powell/Colin_Powell_0068.png 38
Colin_Powell/Colin_Powell_0094.png 38
Colin_Powell/Colin_Powell_0140.png 38
Colin_Powell/Colin_Powell_0025.png 38
Colin_Powell/Colin_Powell_0183.png 38
Colin_Powell/Colin_Powell_0181.png 38
Colin_Powell/Colin_Powell_0121.png 38
Colin_Powell/Colin_Powell_0182.png 38
Colin_Powell/Colin_Powell_0111.png 38
Colin_Powell/Colin_Powell_0218.png 38
Colin_Powell/Colin_Powell_0190.png 38
Colin_Powell/Colin_Powell_0098.png 38
Colin_Powell/Colin_Powell_0196.png 38
Colin_Powell/Colin_Powell_0231.png 38
Colin_Powell/Colin_Powell_0228.png 38
Colin_Powell/Colin_Powell_0145.png 38
Colin_Powell/Colin_Powell_0120.png 38
Colin_Powell/Colin_Powell_0199.png 38
Colin_Powell/Colin_Powell_0092.png 38
Colin_Powell/Colin_Powell_0141.png 38
Colin_Powell/Colin_Powell_0036.png 38
Colin_Powell/Colin_Powell_0233.png 38
Colin_Powell/Colin_Powell_0144.png 38
Colin_Powell/Colin_Powell_0124.png 38
Colin_Powell/Colin_Powell_0164.png 38
Colin_Powell/Colin_Powell_0104.png 38
Colin_Powell/Colin_Powell_0061.png 38
John_Ashcroft/John_Ashcroft_0009.png 39
John_Ashcroft/John_Ashcroft_0012.png 39
John_Ashcroft/John_Ashcroft_0006.png 39
John_Ashcroft/John_Ashcroft_0051.png 39
John_Ashcroft/John_Ashcroft_0005.png 39
John_Ashcroft/John_Ashcroft_0014.png 39
John_Ashcroft/John_Ashcroft_0015.png 39
Dick_Cheney/Dick_Cheney_0007.png 40
Dick_Cheney/Dick_Cheney_0009.png 40
Amelie_Mauresmo/Amelie_Mauresmo_0006.png 41
Amelie_Mauresmo/Amelie_Mauresmo_0011.png 41
Amelie_Mauresmo/Amelie_Mauresmo_0016.png 41
Kim_Clijsters/Kim_Clijsters_0004.png 42
Kim_Clijsters/Kim_Clijsters_0014.png 42
Junichiro_Koizumi/Junichiro_Koizumi_0034.png 43
Junichiro_Koizumi/Junichiro_Koizumi_0024.png 43
Junichiro_Koizumi/Junichiro_Koizumi_0018.png 43
Junichiro_Koizumi/Junichiro_Koizumi_0025.png 43
Junichiro_Koizumi/Junichiro_Koizumi_0037.png 43
Junichiro_Koizumi/Junichiro_Koizumi_0052.png 43
Junichiro_Koizumi/Junichiro_Koizumi_0028.png 43
Junichiro_Koizumi/Junichiro_Koizumi_0041.png 43
Junichiro_Koizumi/Junichiro_Koizumi_0027.png 43
Mohammed_Al-Douri/Mohammed_Al-Douri_0002.png 44
Mohammed_Al-Douri/Mohammed_Al-Douri_0003.png 44
Tom_Ridge/Tom_Ridge_0026.png 45
Tom_Ridge/Tom_Ridge_0005.png 45
Tom_Ridge/Tom_Ridge_0009.png 45
Tom_Ridge/Tom_Ridge_0032.png 45
Bill_Simon/Bill_Simon_0007.png 46
Bill_Simon/Bill_Simon_0010.png 46
Fidel_Castro/Fidel_Castro_0011.png 47
Fidel_Castro/Fidel_Castro_0018.png 47
Fidel_Castro/Fidel_Castro_0003.png 47
Tony_Blair/Tony_Blair_0058.png 48
Tony_Blair/Tony_Blair_0120.png 48
Tony_Blair/Tony_Blair_0020.png 48
Tony_Blair/Tony_Blair_0113.png 48
Tony_Blair/Tony_Blair_0118.png 48
Tony_Blair/Tony_Blair_0139.png 48
Tony_Blair/Tony_Blair_0144.png 48
Tony_Blair/Tony_Blair_0121.png 48
Tony_Blair/Tony_Blair_0008.png 48
Tony_Blair/Tony_Blair_0036.png 48
Tony_Blair/Tony_Blair_0062.png 48
Tony_Blair/Tony_Blair_0031.png 48
Tony_Blair/Tony_Blair_0067.png 48
Tony_Blair/Tony_Blair_0022.png 48
Tony_Blair/Tony_Blair_0037.png 48
Tony_Blair/Tony_Blair_0086.png 48
Tony_Blair/Tony_Blair_0046.png 48
Tony_Blair/Tony_Blair_0137.png 48
Tony_Blair/Tony_Blair_0056.png 48
Tony_Blair/Tony_Blair_0111.png 48
Tony_Blair/Tony_Blair_0055.png 48
Tony_Blair/Tony_Blair_0029.png 48
Tony_Blair/Tony_Blair_0034.png 48
Gonzalo_Sanchez_de_Lozada/Gonzalo_Sanchez_de_Lozada_0006.png 49
Gonzalo_Sanchez_de_Lozada/Gonzalo_Sanchez_de_Lozada_0007.png 49
Taha_Yassin_Ramadan/Taha_Yassin_Ramadan_0005.png 50
Taha_Yassin_Ramadan/Taha_Yassin_Ramadan_0015.png 50
Guillermo_Coria/Guillermo_Coria_0011.png 51
Guillermo_Coria/Guillermo_Coria_0013.png 51
Guillermo_Coria/Guillermo_Coria_0010.png 51
Guillermo_Coria/Guillermo_Coria_0016.png 51
Guillermo_Coria/Guillermo_Coria_0015.png 51
Julianne_Moore/Julianne_Moore_0002.png 52
Julianne_Moore/Julianne_Moore_0016.png 52
John_Negroponte/John_Negroponte_0021.png 53
John_Negroponte/John_Negroponte_0012.png 53
John_Negroponte/John_Negroponte_0003.png 53
John_Negroponte/John_Negroponte_0023.png 53
John_Negroponte/John_Negroponte_0018.png 53
Arnold_Schwarzenegger/Arnold_Schwarzenegger_0010.png 54
Arnold_Schwarzenegger/Arnold_Schwarzenegger_0013.png 54
Arnold_Schwarzenegger/Arnold_Schwarzenegger_0032.png 54
Arnold_Schwarzenegger/Arnold_Schwarzenegger_0041.png 54
Arnold_Schwarzenegger/Arnold_Schwarzenegger_0005.png 54
Arnold_Schwarzenegger/Arnold_Schwarzenegger_0009.png 54
Alvaro_Uribe/Alvaro_Uribe_0014.png 55
Alvaro_Uribe/Alvaro_Uribe_0033.png 55
Alvaro_Uribe/Alvaro_Uribe_0024.png 55
Alvaro_Uribe/Alvaro_Uribe_0022.png 55
Alvaro_Uribe/Alvaro_Uribe_0010.png 55
Condoleezza_Rice/Condoleezza_Rice_0002.png 56
Condoleezza_Rice/Condoleezza_Rice_0011.png 56
John_Howard/John_Howard_0012.png 57
John_Howard/John_Howard_0016.png 57
Pierce_Brosnan/Pierce_Brosnan_0014.png 58
Pierce_Brosnan/Pierce_Brosnan_0010.png 58
Abdullah_Gul/Abdullah_Gul_0012.png 59
Abdullah_Gul/Abdullah_Gul_0013.png 59
Richard_Myers/Richard_Myers_0008.png 60
Richard_Myers/Richard_Myers_0013.png 60
Pervez_Musharraf/Pervez_Musharraf_0015.png 61
Pervez_Musharraf/Pervez_Musharraf_0010.png 61
Roh_Moo-hyun/Roh_Moo-hyun_0015.png 62
Roh_Moo-hyun/Roh_Moo-hyun_0014.png 62
Roh_Moo-hyun/Roh_Moo-hyun_0011.png 62
Roh_Moo-hyun/Roh_Moo-hyun_0022.png 62
Roh_Moo-hyun/Roh_Moo-hyun_0019.png 62
Catherine_Zeta-Jones/Catherine_Zeta-Jones_0006.png 63
Catherine_Zeta-Jones/Catherine_Zeta-Jones_0011.png 63
Hillary_Clinton/Hillary_Clinton_0003.png 64
Hillary_Clinton/Hillary_Clinton_0007.png 64
Andre_Agassi/Andre_Agassi_0018.png 65
Andre_Agassi/Andre_Agassi_0030.png 65
Andre_Agassi/Andre_Agassi_0029.png 65
Andre_Agassi/Andre_Agassi_0035.png 65
Andre_Agassi/Andre_Agassi_0016.png 65
Bill_Clinton/Bill_Clinton_0022.png 66
Bill_Clinton/Bill_Clinton_0010.png 66
Bill_Clinton/Bill_Clinton_0005.png 66
Jack_Straw/Jack_Straw_0027.png 67
Jack_Straw/Jack_Straw_0018.png 67
Jack_Straw/Jack_Straw_0016.png 67
Jack_Straw/Jack_Straw_0002.png 67
Norah_Jones/Norah_Jones_0011.png 68
Norah_Jones/Norah_Jones_0001.png 68
Yoriko_Kawaguchi/Yoriko_Kawaguchi_0009.png 69
Yoriko_Kawaguchi/Yoriko_Kawaguchi_0002.png 69
John_Kerry/John_Kerry_0015.png 70
John_Kerry/John_Kerry_0007.png 70
John_Kerry/John_Kerry_0004.png 70
Vicente_Fox/Vicente_Fox_0014.png 71
Vicente_Fox/Vicente_Fox_0021.png 71
Vicente_Fox/Vicente_Fox_0010.png 71
Vicente_Fox/Vicente_Fox_0005.png 71
Vicente_Fox/Vicente_Fox_0001.png 71
Kim_Ryong-sung/Kim_Ryong-sung_0005.png 72
Kim_Ryong-sung/Kim_Ryong-sung_0007.png 72
Queen_Elizabeth_II/Queen_Elizabeth_II_0002.png 73
Queen_Elizabeth_II/Queen_Elizabeth_II_0012.png 73
Charles_Moose/Charles_Moose_0005.png 74
Charles_Moose/Charles_Moose_0009.png 74
Ariel_Sharon/Ariel_Sharon_0057.png 75
Ariel_Sharon/Ariel_Sharon_0077.png 75
Ariel_Sharon/Ariel_Sharon_0004.png 75
Ariel_Sharon/Ariel_Sharon_0021.png 75
Ariel_Sharon/Ariel_Sharon_0068.png 75
Ariel_Sharon/Ariel_Sharon_0001.png 75
Ariel_Sharon/Ariel_Sharon_0053.png 75
Ariel_Sharon/Ariel_Sharon_0029.png 75
Ariel_Sharon/Ariel_Sharon_0030.png 75
Ariel_Sharon/Ariel_Sharon_0024.png 75
Ariel_Sharon/Ariel_Sharon_0003.png 75
Ariel_Sharon/Ariel_Sharon_0051.png 75
Spencer_Abraham/Spencer_Abraham_0012.png 76
Spencer_Abraham/Spencer_Abraham_0014.png 76
Gordon_Brown/Gordon_Brown_0005.png 77
Gordon_Brown/Gordon_Brown_0013.png 77
Meryl_Streep/Meryl_Streep_0002.png 78
Meryl_Streep/Meryl_Streep_0003.png 78
Edmund_Stoiber/Edmund_Stoiber_0013.png 79
Edmund_Stoiber/Edmund_Stoiber_0011.png 79
Jennifer_Aniston/Jennifer_Aniston_0021.png 80
Jennifer_Aniston/Jennifer_Aniston_0004.png 80
Jennifer_Aniston/Jennifer_Aniston_0009.png 80
John_Bolton/John_Bolton_0015.png 81
John_Bolton/John_Bolton_0010.png 81
Igor_Ivanov/Igor_Ivanov_0012.png 82
Igor_Ivanov/Igor_Ivanov_0001.png 82
Howard_Dean/Howard_Dean_0010.png 83
Howard_Dean/Howard_Dean_0011.png 83
George_Robertson/George_Robertson_0010.png 84
George_Robertson/George_Robertson_0015.png 84
George_Robertson/George_Robertson_0003.png 84
Tommy_Franks/Tommy_Franks_0006.png 85
Tommy_Franks/Tommy_Franks_0004.png 85
Jennifer_Lopez/Jennifer_Lopez_0006.png 86
Jennifer_Lopez/Jennifer_Lopez_0005.png 86
Jennifer_Lopez/Jennifer_Lopez_0019.png 86
Salma_Hayek/Salma_Hayek_0007.png 87
Salma_Hayek/Salma_Hayek_0002.png 87
Sergey_Lavrov/Sergey_Lavrov_0003.png 88
Sergey_Lavrov/Sergey_Lavrov_0007.png 88
Atal_Bihari_Vajpayee/Atal_Bihari_Vajpayee_0013.png 89
Atal_Bihari_Vajpayee/Atal_Bihari_Vajpayee_0020.png 89
Lleyton_Hewitt/Lleyton_Hewitt_0020.png 90
Lleyton_Hewitt/Lleyton_Hewitt_0002.png 90
Lleyton_Hewitt/Lleyton_Hewitt_0038.png 90
Lleyton_Hewitt/Lleyton_Hewitt_0028.png 90
Lleyton_Hewitt/Lleyton_Hewitt_0010.png 90
Lleyton_Hewitt/Lleyton_Hewitt_0016.png 90
Lleyton_Hewitt/Lleyton_Hewitt_0011.png 90
Michael_Bloomberg/Michael_Bloomberg_0018.png 91
Michael_Bloomberg/Michael_Bloomberg_0007.png 91
Michael_Bloomberg/Michael_Bloomberg_0006.png 91
Andy_Roddick/Andy_Roddick_0013.png 92
Andy_Roddick/Andy_Roddick_0005.png 92
Jose_Maria_Aznar/Jose_Maria_Aznar_0004.png 93
Jose_Maria_Aznar/Jose_Maria_Aznar_0011.png 93
Jose_Maria_Aznar/Jose_Maria_Aznar_0007.png 93
Bill_Gates/Bill_Gates_0010.png 94
Bill_Gates/Bill_Gates_0015.png 94
Bill_Gates/Bill_Gates_0005.png 94
Pete_Sampras/Pete_Sampras_0016.png 95
Pete_Sampras/Pete_Sampras_0012.png 95
Pete_Sampras/Pete_Sampras_0003.png 95
Hamid_Karzai/Hamid_Karzai_0005.png 96
Hamid_Karzai/Hamid_Karzai_0021.png 96
Hamid_Karzai/Hamid_Karzai_0002.png 96
Jean_Charest/Jean_Charest_0014.png 97
Jean_Charest/Jean_Charest_0012.png 97
Naomi_Watts/Naomi_Watts_0018.png 98
Naomi_Watts/Naomi_Watts_0009.png 98
Naomi_Watts/Naomi_Watts_0016.png 98
Anna_Kournikova/Anna_Kournikova_0003.png 99
Anna_Kournikova/Anna_Kournikova_0002.png 99
Vladimir_Putin/Vladimir_Putin_0024.png 100
Vladimir_Putin/Vladimir_Putin_0047.png 100
Vladimir_Putin/Vladimir_Putin_0008.png 100
Vladimir_Putin/Vladimir_Putin_0032.png 100
Vladimir_Putin/Vladimir_Putin_0004.png 100
Vladimir_Putin/Vladimir_Putin_0036.png 100
Mahmoud_Abbas/Mahmoud_Abbas_0013.png 101
Mahmoud_Abbas/Mahmoud_Abbas_0022.png 101
Mahmoud_Abbas/Mahmoud_Abbas_0020.png 101
Mahmoud_Abbas/Mahmoud_Abbas_0025.png 101
Gloria_Macapagal_Arroyo/Gloria_Macapagal_Arroyo_0038.png 102
Gloria_Macapagal_Arroyo/Gloria_Macapagal_Arroyo_0025.png 102
Gloria_Macapagal_Arroyo/Gloria_Macapagal_Arroyo_0005.png 102
Gloria_Macapagal_Arroyo/Gloria_Macapagal_Arroyo_0024.png 102
Gloria_Macapagal_Arroyo/Gloria_Macapagal_Arroyo_0002.png 102
Gloria_Macapagal_Arroyo/Gloria_Macapagal_Arroyo_0016.png 102
Tiger_Woods/Tiger_Woods_0021.png 103
Tiger_Woods/Tiger_Woods_0004.png 103
Tiger_Woods/Tiger_Woods_0016.png 103
Nicole_Kidman/Nicole_Kidman_0003.png 104
Nicole_Kidman/Nicole_Kidman_0013.png 104
Nicole_Kidman/Nicole_Kidman_0008.png 104
Julie_Gerberding/Julie_Gerberding_0005.png 105
Julie_Gerberding/Julie_Gerberding_0006.png 105
Gray_Davis/Gray_Davis_0023.png 106
Gray_Davis/Gray_Davis_0022.png 106
Gray_Davis/Gray_Davis_0003.png 106
Mike_Weir/Mike_Weir_0008.png 107
Mike_Weir/Mike_Weir_0010.png 107
Roger_Federer/Roger_Federer_0014.png 108
Roger_Federer/Roger_Federer_0010.png 108
John_Snow/John_Snow_0003.png 109
John_Snow/John_Snow_0006.png 109
Michael_Schumacher/Michael_Schumacher_0014.png 110
Michael_Schumacher/Michael_Schumacher_0017.png 110
Michael_Schumacher/Michael_Schumacher_0012.png 110
Angelina_Jolie/Angelina_Jolie_0019.png 111
Angelina_Jolie/Angelina_Jolie_0017.png 111
Angelina_Jolie/Angelina_Jolie_0010.png 111
Ann_Veneman/Ann_Veneman_0001.png 112
Ann_Veneman/Ann_Veneman_0005.png 112
Nestor_Kirchner/Nestor_Kirchner_0014.png 113
Nestor_Kirchner/Nestor_Kirchner_0001.png 113
Nestor_Kirchner/Nestor_Kirchner_0019.png 113
Nestor_Kirchner/Nestor_Kirchner_0020.png 113
Nestor_Kirchner/Nestor_Kirchner_0008.png 113
Nestor_Kirchner/Nestor_Kirchner_0034.png 113
Hans_Blix/Hans_Blix_0002.png 114
Hans_Blix/Hans_Blix_0022.png 114
Hans_Blix/Hans_Blix_0001.png 114
Hans_Blix/Hans_Blix_0029.png 114
Hans_Blix/Hans_Blix_0033.png 114
Hans_Blix/Hans_Blix_0036.png 114
Britney_Spears/Britney_Spears_0002.png 115
Britney_Spears/Britney_Spears_0011.png 115
Eduardo_Duhalde/Eduardo_Duhalde_0012.png 116
Eduardo_Duhalde/Eduardo_Duhalde_0001.png 116
Juan_Carlos_Ferrero/Juan_Carlos_Ferrero_0007.png 117
Juan_Carlos_Ferrero/Juan_Carlos_Ferrero_0010.png 117
Juan_Carlos_Ferrero/Juan_Carlos_Ferrero_0027.png 117
Juan_Carlos_Ferrero/Juan_Carlos_Ferrero_0003.png 117
Juan_Carlos_Ferrero/Juan_Carlos_Ferrero_0006.png 117
Renee_Zellweger/Renee_Zellweger_0007.png 118
Renee_Zellweger/Renee_Zellweger_0008.png 118
Dominique_de_Villepin/Dominique_de_Villepin_0005.png 119
Dominique_de_Villepin/Dominique_de_Villepin_0013.png 119
Dominique_de_Villepin/Dominique_de_Villepin_0014.png 119
Carlos_Moya/Carlos_Moya_0017.png 120
Carlos_Moya/Carlos_Moya_0012.png 120
